batch_id,product_id,store_id,mrp,manufacturing_date,expiry_date,shelf_life_days,quantity_available
BATCH_0,153019,MUM_01,1263.93,2026-01-02 04:33:12.921,2026-01-05 04:33:12.921,3,17
BATCH_1,11422,MUM_02,169.55,2026-01-06 04:33:12.921,2026-01-09 04:33:12.921,3,62
BATCH_2,669378,PUNE_01,282.85,2026-01-03 04:33:12.921,2026-01-06 04:33:12.921,3,69
BATCH_3,848226,MUM_01,279.45,2026-01-08 04:33:12.921,2026-01-11 04:33:12.921,3,14
BATCH_4,890623,MUM_01,472.69,2026-01-05 04:33:12.921,2026-01-08 04:33:12.921,3,77
BATCH_5,965755,MUM_02,710.09,2026-01-08 04:33:12.921,2026-01-11 04:33:12.921,3,15
BATCH_6,222892,PUNE_01,1158.96,2026-01-03 04:33:12.921,2026-01-06 04:33:12.921,3,56
BATCH_7,516376,PUNE_01,1169.91,2026-01-08 04:33:12.921,2026-01-11 04:33:12.921,3,64
BATCH_8,39154,MUM_01,1262.48,2026-01-07 04:33:12.921,2026-01-10 04:33:12.921,3,49
BATCH_9,34186,PUNE_02,1234.2,2026-01-05 04:33:12.921,2026-01-08 04:33:12.921,3,61
BATCH_10,196719,MUM_01,290.0,2026-01-05 04:33:12.921,2026-01-08 04:33:12.921,3,25
BATCH_11,478531,MUM_01,1100.61,2026-01-03 04:33:12.921,2026-01-06 04:33:12.921,3,22
BATCH_12,812607,MUM_01,555.53,2026-01-02 04:33:12.921,2026-01-05 04:33:12.921,3,39
BATCH_13,818990,MUM_01,218.07,2026-01-07 04:33:12.921,2026-01-10 04:33:12.921,3,28
BATCH_14,14145,MUM_02,841.12,2026-01-06 04:33:12.921,2026-01-09 04:33:12.921,3,26
BATCH_15,349294,PUNE_01,1246.33,2026-01-08 04:33:12.921,2026-01-11 04:33:12.921,3,72
BATCH_16,847349,MUM_02,1041.44,2026-01-04 04:33:12.921,2026-01-07 04:33:12.921,3,28
BATCH_17,871592,MUM_02,1160.39,2026-01-08 04:33:12.921,2026-01-11 04:33:12.921,3,67
BATCH_18,284460,MUM_02,674.6,2026-01-08 04:33:12.921,2026-01-11 04:33:12.921,3,64
BATCH_19,473929,MUM_01,586.92,2026-01-06 04:33:12.921,2026-01-09 04:33:12.921,3,71
BATCH_20,77308,PUNE_02,297.69,2026-01-08 04:33:12.921,2026-01-11 04:33:12.921,3,32
BATCH_21,654297,PUNE_01,17.67,2026-01-07 04:33:12.921,2026-01-10 04:33:12.921,3,18
BATCH_22,70969,PUNE_02,842.27,2026-01-07 04:33:12.921,2026-01-10 04:33:12.921,3,21
BATCH_23,552883,MUM_02,1184.21,2026-01-05 04:33:12.921,2026-01-08 04:33:12.921,3,10
BATCH_24,952124,MUM_02,169.44,2026-01-03 04:33:12.921,2026-01-06 04:33:12.921,3,67
BATCH_25,397973,PUNE_02,971.64,2026-01-02 04:33:12.921,2026-01-05 04:33:12.921,3,10
BATCH_26,555121,PUNE_02,473.21,2026-01-04 04:33:12.921,2026-01-07 04:33:12.921,3,43
BATCH_27,818522,PUNE_02,120.11,2026-01-08 04:33:12.921,2026-01-15 04:33:12.921,7,57
BATCH_28,462526,MUM_02,562.46,2026-01-08 04:33:12.921,2026-01-15 04:33:12.921,7,10
BATCH_29,376447,MUM_02,906.05,2026-01-06 04:33:12.921,2026-01-13 04:33:12.921,7,25
BATCH_30,217710,PUNE_01,73.24,2026-01-03 04:33:12.921,2026-01-10 04:33:12.921,7,70
BATCH_31,146840,PUNE_01,983.56,2026-01-07 04:33:12.921,2026-01-14 04:33:12.921,7,73
BATCH_32,89084,MUM_02,748.54,2026-01-04 04:33:12.921,2026-01-11 04:33:12.921,7,72
BATCH_33,888807,PUNE_02,288.23,2026-01-05 04:33:12.921,2026-01-12 04:33:12.921,7,78
BATCH_34,136533,PUNE_02,1032.76,2026-01-07 04:33:12.921,2026-01-14 04:33:12.921,7,31
BATCH_35,714999,PUNE_01,1103.14,2026-01-03 04:33:12.921,2026-01-10 04:33:12.921,7,76
BATCH_36,382511,MUM_02,878.17,2026-01-02 04:33:12.921,2026-01-09 04:33:12.921,7,35
BATCH_37,15314,PUNE_01,723.56,2026-01-05 04:33:12.921,2026-01-12 04:33:12.921,7,25
BATCH_38,67197,PUNE_01,690.25,2026-01-02 04:33:12.921,2026-01-09 04:33:12.921,7,60
BATCH_39,880510,MUM_01,1189.29,2026-01-06 04:33:12.921,2026-01-13 04:33:12.921,7,66
BATCH_40,41853,MUM_01,1138.05,2026-01-06 04:33:12.921,2026-01-13 04:33:12.921,7,38
BATCH_41,257719,MUM_01,352.16,2026-01-08 04:33:12.921,2026-01-15 04:33:12.921,7,78
BATCH_42,891833,PUNE_02,616.49,2026-01-02 04:33:12.921,2026-01-09 04:33:12.921,7,56
BATCH_43,741341,MUM_02,1154.8,2026-01-03 04:33:12.921,2026-01-10 04:33:12.921,7,71
BATCH_44,500739,MUM_02,449.98,2026-01-04 04:33:12.921,2026-01-11 04:33:12.921,7,78
BATCH_45,500633,MUM_02,193.12,2026-01-05 04:33:12.921,2026-01-12 04:33:12.921,7,25
BATCH_46,799952,MUM_02,1153.3,2026-01-07 04:33:12.921,2026-01-14 04:33:12.921,7,57
BATCH_47,798639,MUM_01,264.06,2026-01-03 04:33:12.921,2026-01-10 04:33:12.921,7,48
BATCH_48,329351,PUNE_02,388.59,2026-01-03 04:33:12.921,2026-01-10 04:33:12.921,7,42
BATCH_49,833557,PUNE_02,528.59,2026-01-06 04:33:12.921,2026-01-13 04:33:12.921,7,32
BATCH_50,324809,MUM_01,760.0,2026-01-02 04:33:12.921,2026-01-09 04:33:12.921,7,19
BATCH_51,337168,PUNE_02,681.86,2026-01-08 04:33:12.921,2026-01-15 04:33:12.921,7,78
BATCH_52,659290,MUM_01,399.17,2026-01-08 04:33:12.921,2026-01-15 04:33:12.921,7,43
BATCH_53,883013,MUM_02,1237.35,2026-01-05 04:33:12.921,2026-01-12 04:33:12.921,7,61
BATCH_54,839170,MUM_01,602.04,2026-01-06 04:33:12.921,2026-01-13 04:33:12.921,7,19
BATCH_55,455083,MUM_02,1198.76,2026-01-03 04:33:12.921,2026-01-10 04:33:12.921,7,28
BATCH_56,183929,MUM_02,923.42,2026-01-04 04:33:12.921,2026-01-11 04:33:12.921,7,67
BATCH_57,592784,PUNE_01,431.31,2026-01-06 04:33:12.921,2026-04-06 04:33:12.921,90,10
BATCH_58,578097,MUM_01,411.71,2026-01-05 04:33:12.921,2026-04-05 04:33:12.921,90,78
BATCH_59,487065,PUNE_01,576.43,2026-01-05 04:33:12.921,2026-04-05 04:33:12.921,90,13
BATCH_60,734789,MUM_01,608.95,2026-01-06 04:33:12.921,2026-04-06 04:33:12.921,90,25
BATCH_61,949818,MUM_01,743.15,2026-01-05 04:33:12.921,2026-04-05 04:33:12.921,90,33
BATCH_62,690565,PUNE_01,1463.49,2026-01-06 04:33:12.921,2026-04-06 04:33:12.921,90,11
BATCH_63,961614,PUNE_01,349.57,2026-01-07 04:33:12.921,2026-04-07 04:33:12.921,90,41
BATCH_64,361361,MUM_01,1271.09,2026-01-06 04:33:12.921,2026-04-06 04:33:12.921,90,33
BATCH_65,291238,PUNE_02,1147.74,2026-01-02 04:33:12.921,2026-04-02 04:33:12.921,90,21
BATCH_66,654623,MUM_02,649.45,2026-01-06 04:33:12.921,2026-04-06 04:33:12.921,90,59
BATCH_67,313754,PUNE_01,210.15,2026-01-05 04:33:12.921,2026-04-05 04:33:12.921,90,44
BATCH_68,563740,MUM_02,148.2,2026-01-02 04:33:12.921,2026-04-02 04:33:12.921,90,42
BATCH_69,378230,PUNE_02,256.03,2026-01-05 04:33:12.921,2026-04-05 04:33:12.921,90,42
BATCH_70,658389,PUNE_02,234.69,2026-01-08 04:33:12.921,2026-04-08 04:33:12.921,90,70
BATCH_71,990993,PUNE_02,405.69,2026-01-08 04:33:12.921,2026-04-08 04:33:12.921,90,60
BATCH_72,762527,PUNE_01,1061.66,2026-01-02 04:33:12.921,2026-04-02 04:33:12.921,90,52
BATCH_73,952168,PUNE_02,364.54,2026-01-07 04:33:12.921,2026-04-07 04:33:12.921,90,21
BATCH_74,542300,PUNE_01,392.85,2026-01-08 04:33:12.921,2026-04-08 04:33:12.921,90,76
BATCH_75,602241,PUNE_02,1502.38,2026-01-06 04:33:12.921,2026-04-06 04:33:12.921,90,74
BATCH_76,587420,MUM_02,549.88,2026-01-05 04:33:12.921,2026-04-05 04:33:12.921,90,42
BATCH_77,491521,MUM_02,855.92,2026-01-08 04:33:12.921,2026-04-08 04:33:12.921,90,49
BATCH_78,914071,MUM_01,456.83,2026-01-08 04:33:12.921,2026-04-08 04:33:12.921,90,52
BATCH_79,832348,MUM_02,1279.12,2026-01-07 04:33:12.921,2026-04-07 04:33:12.921,90,53
BATCH_80,567671,MUM_01,643.82,2026-01-02 04:33:12.921,2026-04-02 04:33:12.921,90,38
BATCH_81,481843,MUM_02,457.97,2026-01-02 04:33:12.921,2026-04-02 04:33:12.921,90,22
BATCH_82,991434,PUNE_01,365.57,2026-01-03 04:33:12.921,2026-04-03 04:33:12.921,90,21
BATCH_83,540618,MUM_02,487.77,2026-01-07 04:33:12.921,2026-04-07 04:33:12.921,90,55
BATCH_84,319388,MUM_01,939.71,2026-01-06 04:33:12.921,2026-07-05 04:33:12.921,180,11
BATCH_85,171602,MUM_01,1262.06,2026-01-02 04:33:12.921,2026-07-01 04:33:12.921,180,44
BATCH_86,60619,PUNE_02,1037.73,2026-01-05 04:33:12.921,2026-07-04 04:33:12.921,180,17
BATCH_87,962591,PUNE_01,185.73,2026-01-07 04:33:12.921,2026-07-06 04:33:12.921,180,35
BATCH_88,107548,MUM_02,1273.71,2026-01-08 04:33:12.921,2026-07-07 04:33:12.921,180,43
BATCH_89,687218,PUNE_02,454.03,2026-01-05 04:33:12.921,2026-07-04 04:33:12.921,180,16
BATCH_90,328457,MUM_02,1226.53,2026-01-05 04:33:12.921,2026-07-04 04:33:12.921,180,77
BATCH_91,194682,MUM_02,1303.27,2026-01-08 04:33:12.921,2026-07-07 04:33:12.921,180,67
BATCH_92,681063,PUNE_02,458.97,2026-01-07 04:33:12.921,2026-07-06 04:33:12.921,180,38
BATCH_93,679321,PUNE_02,1054.94,2026-01-08 04:33:12.921,2026-07-07 04:33:12.921,180,45
BATCH_94,300159,PUNE_02,63.36,2026-01-03 04:33:12.921,2026-07-02 04:33:12.921,180,30
BATCH_95,378287,PUNE_02,475.49,2026-01-05 04:33:12.921,2026-07-04 04:33:12.921,180,45
BATCH_96,118820,PUNE_02,17.6,2026-01-04 04:33:12.921,2026-07-03 04:33:12.921,180,19
BATCH_97,667163,MUM_02,630.29,2026-01-04 04:33:12.921,2026-07-03 04:33:12.921,180,33
BATCH_98,228286,PUNE_02,255.83,2026-01-06 04:33:12.921,2026-07-05 04:33:12.921,180,73
BATCH_99,561860,PUNE_01,1249.69,2026-01-02 04:33:12.921,2026-07-01 04:33:12.921,180,58
BATCH_100,712003,MUM_01,959.54,2026-01-08 04:33:12.921,2026-07-07 04:33:12.921,180,45
BATCH_101,712307,PUNE_02,378.41,2026-01-08 04:33:12.921,2026-07-07 04:33:12.921,180,33
BATCH_102,513199,PUNE_02,603.19,2026-01-06 04:33:12.921,2026-07-05 04:33:12.921,180,32
BATCH_103,962054,MUM_02,24.09,2026-01-06 04:33:12.921,2026-07-05 04:33:12.921,180,71
BATCH_104,378676,PUNE_02,1259.17,2026-01-06 04:33:12.921,2026-07-05 04:33:12.921,180,46
BATCH_105,890232,PUNE_02,617.14,2026-01-05 04:33:12.921,2026-07-04 04:33:12.921,180,21
BATCH_106,532965,PUNE_02,512.05,2026-01-03 04:33:12.921,2026-07-02 04:33:12.921,180,64
BATCH_107,365132,MUM_02,382.3,2026-01-08 04:33:12.921,2026-07-07 04:33:12.921,180,22
BATCH_108,689769,PUNE_02,77.7,2026-01-05 04:33:12.921,2026-07-04 04:33:12.921,180,32
BATCH_109,969851,MUM_01,567.77,2026-01-06 04:33:12.921,2026-07-05 04:33:12.921,180,39
BATCH_110,305754,MUM_02,1633.32,2026-01-08 04:33:12.921,2026-07-07 04:33:12.921,180,26
BATCH_111,398340,MUM_01,1086.55,2026-01-05 04:33:12.921,2026-07-04 04:33:12.921,180,71
BATCH_112,491314,MUM_02,1622.4,2026-01-03 04:33:12.921,2026-07-02 04:33:12.921,180,22
BATCH_113,33955,PUNE_02,310.13,2026-01-05 04:33:12.921,2026-07-04 04:33:12.921,180,68
BATCH_114,470449,MUM_01,1379.62,2026-01-03 04:33:12.921,2026-07-02 04:33:12.921,180,28
BATCH_115,954722,MUM_02,1027.42,2026-01-06 04:33:12.921,2026-07-05 04:33:12.921,180,58
BATCH_116,623234,PUNE_01,549.65,2026-01-03 04:33:12.921,2026-07-02 04:33:12.921,180,21
BATCH_117,131937,PUNE_02,479.68,2026-01-08 04:33:12.921,2026-07-07 04:33:12.921,180,70
BATCH_118,606256,MUM_02,615.47,2026-01-06 04:33:12.921,2026-07-05 04:33:12.921,180,28
BATCH_119,652118,PUNE_01,36.73,2026-01-08 04:33:12.921,2026-07-07 04:33:12.921,180,18
BATCH_120,187399,MUM_02,89.15,2026-01-04 04:33:12.921,2026-07-03 04:33:12.921,180,37
BATCH_121,925482,PUNE_01,791.73,2026-01-07 04:33:12.921,2026-07-06 04:33:12.921,180,61
BATCH_122,611575,PUNE_02,803.43,2026-01-03 04:33:12.921,2026-07-02 04:33:12.921,180,25
BATCH_123,621677,MUM_01,529.67,2026-01-07 04:33:12.921,2026-07-06 04:33:12.921,180,78
BATCH_124,306177,PUNE_01,1282.07,2026-01-07 04:33:12.921,2026-07-06 04:33:12.921,180,21
BATCH_125,272170,MUM_02,234.67,2026-01-03 04:33:12.921,2026-07-02 04:33:12.921,180,34
BATCH_126,721521,PUNE_02,491.05,2026-01-06 04:33:12.921,2027-01-06 04:33:12.921,365,61
BATCH_127,692985,PUNE_01,232.22,2026-01-04 04:33:12.921,2027-01-04 04:33:12.921,365,62
BATCH_128,487931,MUM_02,834.21,2026-01-08 04:33:12.921,2027-01-08 04:33:12.921,365,32
BATCH_129,901144,MUM_02,400.42,2026-01-05 04:33:12.921,2027-01-05 04:33:12.921,365,25
BATCH_130,764014,MUM_02,720.05,2026-01-08 04:33:12.921,2027-01-08 04:33:12.921,365,66
BATCH_131,53833,PUNE_01,158.46,2026-01-05 04:33:12.921,2027-01-05 04:33:12.921,365,48
BATCH_132,876139,PUNE_01,489.12,2026-01-08 04:33:12.921,2027-01-08 04:33:12.921,365,62
BATCH_133,903336,PUNE_01,649.27,2026-01-03 04:33:12.921,2027-01-03 04:33:12.921,365,51
BATCH_134,120532,MUM_01,820.62,2026-01-04 04:33:12.921,2027-01-04 04:33:12.921,365,67
BATCH_135,945635,PUNE_01,916.35,2026-01-05 04:33:12.921,2027-01-05 04:33:12.921,365,48
BATCH_136,760684,PUNE_01,84.24,2026-01-02 04:33:12.921,2027-01-02 04:33:12.921,365,23
BATCH_137,354409,PUNE_01,382.45,2026-01-06 04:33:12.921,2027-01-06 04:33:12.921,365,14
BATCH_138,937542,MUM_01,114.16,2026-01-08 04:33:12.921,2027-01-08 04:33:12.921,365,44
BATCH_139,490602,PUNE_01,646.44,2026-01-08 04:33:12.921,2027-01-08 04:33:12.921,365,27
BATCH_140,131136,MUM_02,44.47,2026-01-05 04:33:12.921,2027-01-05 04:33:12.921,365,18
BATCH_141,287070,PUNE_01,521.38,2026-01-06 04:33:12.921,2027-01-06 04:33:12.921,365,67
BATCH_142,679865,MUM_02,409.31,2026-01-06 04:33:12.921,2027-01-06 04:33:12.921,365,26
BATCH_143,317242,MUM_02,233.12,2026-01-03 04:33:12.921,2027-01-03 04:33:12.921,365,16
BATCH_144,644847,MUM_02,732.72,2026-01-02 04:33:12.921,2027-01-02 04:33:12.921,365,55
BATCH_145,327290,MUM_01,1014.45,2026-01-03 04:33:12.921,2027-01-03 04:33:12.921,365,22
BATCH_146,993331,MUM_01,120.52,2026-01-03 04:33:12.921,2027-01-03 04:33:12.921,365,49
BATCH_147,807452,MUM_01,169.64,2026-01-03 04:33:12.921,2027-01-03 04:33:12.921,365,51
BATCH_148,451933,PUNE_01,669.34,2026-01-03 04:33:12.921,2027-01-03 04:33:12.921,365,18
BATCH_149,461804,MUM_02,365.52,2026-01-03 04:33:12.921,2027-01-03 04:33:12.921,365,59
BATCH_150,36412,MUM_01,530.24,2026-01-04 04:33:12.921,2027-01-04 04:33:12.921,365,36
BATCH_151,94225,MUM_01,102.81,2026-01-06 04:33:12.921,2027-01-06 04:33:12.921,365,75
BATCH_152,704868,PUNE_01,257.95,2026-01-03 04:33:12.921,2027-01-03 04:33:12.921,365,14
BATCH_153,18035,MUM_01,1291.92,2026-01-06 04:33:12.921,2027-01-06 04:33:12.921,365,38
BATCH_154,435929,PUNE_01,1142.52,2026-01-06 04:33:12.921,2027-01-06 04:33:12.921,365,46
BATCH_155,820541,PUNE_02,768.29,2026-01-07 04:33:12.921,2027-01-07 04:33:12.921,365,47
BATCH_156,552496,MUM_01,677.33,2026-01-04 04:33:12.921,2027-01-04 04:33:12.921,365,17
BATCH_157,455755,PUNE_02,58.79,2026-01-03 04:33:12.921,2027-01-03 04:33:12.921,365,74
BATCH_158,91670,PUNE_01,585.65,2026-01-08 04:33:12.921,2027-01-08 04:33:12.921,365,26
BATCH_159,336847,MUM_02,1249.31,2026-01-05 04:33:12.921,2027-01-05 04:33:12.921,365,54
BATCH_160,144124,MUM_01,216.89,2026-01-02 04:33:12.921,2027-01-02 04:33:12.921,365,13
BATCH_161,747801,PUNE_01,370.35,2026-01-08 04:33:12.921,2027-01-08 04:33:12.921,365,45
BATCH_162,589812,MUM_02,217.37,2026-01-04 04:33:12.921,2027-01-04 04:33:12.921,365,79
BATCH_163,677542,MUM_02,283.48,2026-01-05 04:33:12.921,2027-01-05 04:33:12.921,365,40
BATCH_164,604184,PUNE_02,530.07,2026-01-04 04:33:12.921,2027-01-04 04:33:12.921,365,28
BATCH_165,697683,PUNE_01,164.99,2026-01-06 04:33:12.921,2027-01-06 04:33:12.921,365,70
BATCH_166,894539,MUM_02,593.97,2026-01-05 04:33:12.921,2027-01-05 04:33:12.921,365,63
BATCH_167,739534,MUM_01,1326.08,2026-01-06 04:33:12.921,2027-01-06 04:33:12.921,365,48
BATCH_168,968887,MUM_01,54.27,2026-01-08 04:33:12.921,2027-01-08 04:33:12.921,365,28
BATCH_169,709916,PUNE_02,45.01,2026-01-08 04:33:12.921,2027-01-08 04:33:12.921,365,48
BATCH_170,739448,MUM_02,1007.55,2026-01-05 04:33:12.921,2027-01-05 04:33:12.921,365,76
BATCH_171,700048,PUNE_01,188.37,2026-01-05 04:33:12.921,2027-01-05 04:33:12.921,365,54
BATCH_172,897083,MUM_01,1296.92,2026-01-03 04:33:12.921,2027-01-03 04:33:12.921,365,22
BATCH_173,448752,MUM_02,213.43,2026-01-04 04:33:12.921,2027-01-04 04:33:12.921,365,67
BATCH_174,365133,MUM_02,1220.6,2026-01-03 04:33:12.921,2027-01-03 04:33:12.921,365,29
BATCH_175,133542,PUNE_02,91.32,2026-01-04 04:33:12.921,2027-01-04 04:33:12.921,365,70
BATCH_176,767398,MUM_01,29.52,2026-01-03 04:33:12.921,2027-01-03 04:33:12.921,365,48
BATCH_177,863930,MUM_01,373.18,2026-01-06 04:33:12.921,2027-01-06 04:33:12.921,365,10
BATCH_178,473647,PUNE_01,66.23,2026-01-05 04:33:12.921,2027-01-05 04:33:12.921,365,12
BATCH_179,9436,MUM_01,136.05,2026-01-08 04:33:12.921,2027-01-08 04:33:12.921,365,71
BATCH_180,385113,PUNE_01,1255.97,2026-01-04 04:33:12.921,2027-01-04 04:33:12.921,365,72
BATCH_181,112390,MUM_01,1350.74,2026-01-04 04:33:12.921,2027-01-04 04:33:12.921,365,34
BATCH_182,647462,PUNE_02,502.18,2026-01-08 04:33:12.921,2027-01-08 04:33:12.921,365,65
BATCH_183,34200,MUM_01,492.0,2026-01-03 04:33:12.921,2027-01-03 04:33:12.921,365,42
BATCH_184,753354,PUNE_01,651.63,2026-01-04 04:33:12.921,2027-01-04 04:33:12.921,365,47
BATCH_185,490939,PUNE_01,123.46,2026-01-02 04:33:12.921,2027-01-02 04:33:12.921,365,15
BATCH_186,672059,PUNE_02,1034.97,2026-01-06 04:33:12.921,2027-01-06 04:33:12.921,365,67
BATCH_187,803607,MUM_01,1461.12,2026-01-05 04:33:12.921,2027-01-05 04:33:12.921,365,53
BATCH_188,124290,MUM_01,61.0,2026-01-08 04:33:12.921,2027-01-08 04:33:12.921,365,54
BATCH_189,140489,PUNE_02,1000.31,2026-01-05 04:33:12.921,2027-01-05 04:33:12.921,365,41
BATCH_190,799688,MUM_01,476.34,2026-01-02 04:33:12.921,2027-01-02 04:33:12.921,365,54
BATCH_191,859361,MUM_01,665.22,2026-01-04 04:33:12.921,2027-01-04 04:33:12.921,365,70
BATCH_192,492958,PUNE_01,129.54,2026-01-04 04:33:12.921,2027-01-04 04:33:12.921,365,56
BATCH_193,63769,MUM_01,1350.88,2026-01-02 04:33:12.921,2027-01-02 04:33:12.921,365,30
BATCH_194,684939,MUM_01,1119.92,2026-01-08 04:33:12.921,2027-01-08 04:33:12.921,365,45
BATCH_195,219598,PUNE_02,564.74,2026-01-06 04:33:12.921,2027-01-06 04:33:12.921,365,28
BATCH_196,140154,PUNE_02,263.38,2026-01-07 04:33:12.921,2027-01-07 04:33:12.921,365,29
BATCH_197,449106,MUM_02,74.69,2026-01-08 04:33:12.921,2027-01-08 04:33:12.921,365,66
BATCH_198,256051,PUNE_01,616.8,2026-01-07 04:33:12.921,2027-01-07 04:33:12.921,365,27
BATCH_199,615545,MUM_01,689.48,2026-01-02 04:33:12.921,2027-01-02 04:33:12.921,365,56
BATCH_200,366066,MUM_01,1413.2,2026-01-03 04:33:12.921,2027-01-03 04:33:12.921,365,58
BATCH_201,600767,MUM_02,1111.42,2026-01-07 04:33:12.921,2027-01-07 04:33:12.921,365,23
BATCH_202,784827,MUM_01,391.79,2026-01-06 04:33:12.921,2027-01-06 04:33:12.921,365,24
BATCH_203,6405,PUNE_01,337.87,2026-01-03 04:33:12.921,2027-01-03 04:33:12.921,365,40
BATCH_204,853932,MUM_02,1344.56,2026-01-07 04:33:12.921,2027-01-07 04:33:12.921,365,10
BATCH_205,970529,PUNE_01,1182.06,2026-01-02 04:33:12.921,2027-01-02 04:33:12.921,365,63
BATCH_206,51036,MUM_02,1330.87,2026-01-03 04:33:12.921,2027-01-03 04:33:12.921,365,12
BATCH_207,820973,MUM_02,163.6,2026-01-02 04:33:12.921,2027-01-02 04:33:12.921,365,25
BATCH_208,367391,PUNE_02,1342.21,2026-01-07 04:33:12.921,2027-01-07 04:33:12.921,365,66
BATCH_209,433521,PUNE_01,459.04,2026-01-02 04:33:12.921,2027-01-02 04:33:12.921,365,21
BATCH_210,927651,MUM_01,609.6,2026-01-06 04:33:12.921,2027-01-06 04:33:12.921,365,25
BATCH_211,930284,MUM_01,270.67,2026-01-07 04:33:12.921,2027-01-07 04:33:12.921,365,33
BATCH_212,4452,PUNE_01,242.69,2026-01-07 04:33:12.921,2027-01-07 04:33:12.921,365,37
BATCH_213,82484,MUM_01,1306.97,2026-01-07 04:33:12.921,2027-01-07 04:33:12.921,365,17
BATCH_214,440875,MUM_01,392.9,2026-01-08 04:33:12.921,2027-01-08 04:33:12.921,365,45
BATCH_215,432617,PUNE_01,1233.11,2026-01-08 04:33:12.921,2027-01-08 04:33:12.921,365,17
BATCH_216,953175,MUM_02,321.73,2026-01-08 04:33:12.921,2027-01-08 04:33:12.921,365,67
BATCH_217,57405,PUNE_01,868.1,2026-01-06 04:33:12.921,2027-01-06 04:33:12.921,365,69
BATCH_218,707935,MUM_02,1262.92,2026-01-03 04:33:12.921,2027-01-03 04:33:12.921,365,59
BATCH_219,942001,MUM_01,1033.15,2026-01-02 04:33:12.921,2027-01-02 04:33:12.921,365,37
BATCH_220,585299,MUM_01,1229.94,2026-01-04 04:33:12.921,2027-01-04 04:33:12.921,365,50
BATCH_221,120385,MUM_01,919.86,2026-01-07 04:33:12.921,2027-01-07 04:33:12.921,365,73
BATCH_222,52729,PUNE_02,486.18,2026-01-02 04:33:12.921,2027-01-02 04:33:12.921,365,36
BATCH_223,661577,MUM_02,1109.15,2026-01-07 04:33:12.921,2027-01-07 04:33:12.921,365,72
BATCH_224,951463,PUNE_02,1211.38,2026-01-06 04:33:12.921,2027-01-06 04:33:12.921,365,26
BATCH_225,373536,PUNE_02,760.26,2026-01-07 04:33:12.921,2027-01-07 04:33:12.921,365,42
BATCH_226,243235,PUNE_01,167.74,2026-01-08 04:33:12.921,2027-01-08 04:33:12.921,365,38
BATCH_227,564692,PUNE_02,331.77,2026-01-04 04:33:12.921,2027-01-04 04:33:12.921,365,22
BATCH_228,131748,PUNE_01,125.15,2026-01-05 04:33:12.921,2027-01-05 04:33:12.921,365,55
BATCH_229,256783,PUNE_01,1394.68,2026-01-07 04:33:12.921,2027-01-07 04:33:12.921,365,44
BATCH_230,186168,PUNE_02,1352.0,2026-01-02 04:33:12.921,2027-01-02 04:33:12.921,365,15
BATCH_231,537274,MUM_02,1081.09,2026-01-08 04:33:12.921,2027-01-08 04:33:12.921,365,78
BATCH_232,525531,MUM_02,1278.62,2026-01-05 04:33:12.921,2027-01-05 04:33:12.921,365,56
BATCH_233,913428,MUM_02,603.42,2026-01-04 04:33:12.921,2027-01-04 04:33:12.921,365,34
BATCH_234,757274,MUM_02,151.26,2026-01-05 04:33:12.921,2027-01-05 04:33:12.921,365,75
BATCH_235,726958,MUM_02,1365.35,2026-01-08 04:33:12.921,2027-01-08 04:33:12.921,365,19
BATCH_236,642612,PUNE_02,795.43,2026-01-03 04:33:12.921,2027-01-03 04:33:12.921,365,65
BATCH_237,613942,PUNE_02,838.46,2026-01-03 04:33:12.921,2027-01-03 04:33:12.921,365,39
BATCH_238,784673,MUM_01,755.98,2026-01-05 04:33:12.921,2027-01-05 04:33:12.921,365,14
BATCH_239,425341,MUM_02,748.12,2026-01-06 04:33:12.921,2027-01-06 04:33:12.921,365,42
BATCH_240,771228,PUNE_02,127.97,2026-01-02 04:33:12.921,2027-01-02 04:33:12.921,365,74
BATCH_241,760828,MUM_01,866.85,2026-01-02 04:33:12.921,2027-01-02 04:33:12.921,365,27
BATCH_242,723678,MUM_02,1039.17,2026-01-05 04:33:12.921,2027-01-05 04:33:12.921,365,58
BATCH_243,451812,PUNE_01,663.56,2026-01-07 04:33:12.921,2027-01-07 04:33:12.921,365,20
BATCH_244,677169,MUM_01,326.29,2026-01-07 04:33:12.921,2027-01-07 04:33:12.921,365,35
BATCH_245,274207,PUNE_02,410.64,2026-01-02 04:33:12.921,2027-01-02 04:33:12.921,365,72
BATCH_246,706112,PUNE_01,598.49,2026-01-02 04:33:12.921,2027-01-02 04:33:12.921,365,68
BATCH_247,557908,PUNE_01,1177.96,2026-01-03 04:33:12.921,2027-01-03 04:33:12.921,365,36
BATCH_248,587645,PUNE_01,1002.26,2026-01-06 04:33:12.921,2027-01-06 04:33:12.921,365,58
BATCH_249,837480,MUM_01,271.75,2026-01-08 04:33:12.921,2027-01-08 04:33:12.921,365,42
BATCH_250,566052,PUNE_02,109.12,2026-01-07 04:33:12.921,2027-01-07 04:33:12.921,365,10
BATCH_251,137909,PUNE_01,1080.37,2026-01-02 04:33:12.921,2027-01-02 04:33:12.921,365,30
BATCH_252,799459,MUM_02,1065.02,2026-01-03 04:33:12.921,2027-01-03 04:33:12.921,365,64
BATCH_253,264803,PUNE_01,1244.97,2026-01-04 04:33:12.921,2027-01-04 04:33:12.921,365,15
BATCH_254,851978,PUNE_01,894.65,2026-01-03 04:33:12.921,2027-01-03 04:33:12.921,365,78
BATCH_255,992178,MUM_01,790.54,2026-01-07 04:33:12.921,2027-01-07 04:33:12.921,365,14
BATCH_256,56589,MUM_01,647.21,2026-01-07 04:33:12.921,2027-01-07 04:33:12.921,365,12
BATCH_257,26060,PUNE_02,428.67,2026-01-03 04:33:12.921,2027-01-03 04:33:12.921,365,62
BATCH_258,33797,MUM_02,1110.15,2026-01-08 04:33:12.921,2027-01-08 04:33:12.921,365,32
BATCH_259,123983,MUM_01,982.09,2026-01-05 04:33:12.921,2027-01-05 04:33:12.921,365,62
BATCH_260,237083,PUNE_01,721.41,2026-01-07 04:33:12.921,2027-01-07 04:33:12.921,365,46
BATCH_261,154179,PUNE_02,728.59,2026-01-03 04:33:12.921,2027-01-03 04:33:12.921,365,26
BATCH_262,298985,PUNE_01,229.7,2026-01-02 04:33:12.921,2027-01-02 04:33:12.921,365,10
BATCH_263,444361,PUNE_01,1028.29,2026-01-03 04:33:12.921,2027-01-03 04:33:12.921,365,60
BATCH_264,679284,MUM_01,1097.36,2026-01-06 04:33:12.921,2027-01-06 04:33:12.921,365,54
BATCH_265,240179,PUNE_02,113.2,2026-01-05 04:33:12.921,2027-01-05 04:33:12.921,365,13
BATCH_266,673058,MUM_02,957.2,2026-01-04 04:33:12.921,2027-01-04 04:33:12.921,365,71
BATCH_267,114414,MUM_02,1040.07,2026-01-08 04:33:12.921,2027-01-08 04:33:12.921,365,74
